school,grade,number_candidates,score,subject,year,area
MORNEU SHEPPELL SECONDARY,A,0,12,english,2019,kk
MORNEU SHEPPELL SECONDARY,A-,0,11,english,2019,kk
MORNEU SHEPPELL SECONDARY,B+,0,10,english,2019,kk
MORNEU SHEPPELL SECONDARY,B,0,9,english,2019,kk
MORNEU SHEPPELL SECONDARY,B-,5,8,english,2019,kk
MORNEU SHEPPELL SECONDARY,C+,6,7,english,2019,kk
MORNEU SHEPPELL SECONDARY,C,10,6,english,2019,kk
MORNEU SHEPPELL SECONDARY,C-,13,5,english,2019,kk
MORNEU SHEPPELL SECONDARY,D+,15,4,english,2019,kk
MORNEU SHEPPELL SECONDARY,D,20,3,english,2019,kk
MORNEU SHEPPELL SECONDARY,D-,4,2,english,2019,kk
MORNEU SHEPPELL SECONDARY,E,0,1,english,2019,kk
MORNEU SHEPPELL SECONDARY,X,1,0,english,2019,kk
MORNEU SHEPPELL SECONDARY,Y,0,0,english,2019,kk
MORNEU SHEPPELL SECONDARY,U,0,0,english,2019,kk
MORNEU SHEPPELL SECONDARY,P,0,0,english,2019,kk
MORNEU SHEPPELL SECONDARY,W,0,0,english,2019,kk
VISION SECONDARY,A,0,12,english,2019,kk
VISION SECONDARY,A-,0,11,english,2019,kk
VISION SECONDARY,B+,1,10,english,2019,kk
VISION SECONDARY,B,0,9,english,2019,kk
VISION SECONDARY,B-,4,8,english,2019,kk
VISION SECONDARY,C+,5,7,english,2019,kk
VISION SECONDARY,C,16,6,english,2019,kk
VISION SECONDARY,C-,25,5,english,2019,kk
VISION SECONDARY,D+,143,4,english,2019,kk
VISION SECONDARY,D,197,3,english,2019,kk
VISION SECONDARY,D-,33,2,english,2019,kk
VISION SECONDARY,E,5,1,english,2019,kk
VISION SECONDARY,X,0,0,english,2019,kk
VISION SECONDARY,Y,0,0,english,2019,kk
VISION SECONDARY,U,0,0,english,2019,kk
VISION SECONDARY,P,0,0,english,2019,kk
VISION SECONDARY,W,0,0,english,2019,kk
KAKUMA REFUGEE SECONDARY,A,0,12,english,2019,kk
KAKUMA REFUGEE SECONDARY,A-,0,11,english,2019,kk
KAKUMA REFUGEE SECONDARY,B+,0,10,english,2019,kk
KAKUMA REFUGEE SECONDARY,B,2,9,english,2019,kk
KAKUMA REFUGEE SECONDARY,B-,2,8,english,2019,kk
KAKUMA REFUGEE SECONDARY,C+,8,7,english,2019,kk
KAKUMA REFUGEE SECONDARY,C,13,6,english,2019,kk
KAKUMA REFUGEE SECONDARY,C-,22,5,english,2019,kk
KAKUMA REFUGEE SECONDARY,D+,159,4,english,2019,kk
KAKUMA REFUGEE SECONDARY,D,223,3,english,2019,kk
KAKUMA REFUGEE SECONDARY,D-,88,2,english,2019,kk
KAKUMA REFUGEE SECONDARY,E,9,1,english,2019,kk
KAKUMA REFUGEE SECONDARY,X,0,0,english,2019,kk
KAKUMA REFUGEE SECONDARY,Y,0,0,english,2019,kk
KAKUMA REFUGEE SECONDARY,U,0,0,english,2019,kk
KAKUMA REFUGEE SECONDARY,P,0,0,english,2019,kk
KAKUMA REFUGEE SECONDARY,W,0,0,english,2019,kk
GREEN LIGHT SECONDARY,A,0,12,english,2019,kk
GREEN LIGHT SECONDARY,A-,0,11,english,2019,kk
GREEN LIGHT SECONDARY,B+,0,10,english,2019,kk
GREEN LIGHT SECONDARY,B,0,9,english,2019,kk
GREEN LIGHT SECONDARY,B-,8,8,english,2019,kk
GREEN LIGHT SECONDARY,C+,7,7,english,2019,kk
GREEN LIGHT SECONDARY,C,13,6,english,2019,kk
GREEN LIGHT SECONDARY,C-,17,5,english,2019,kk
GREEN LIGHT SECONDARY,D+,89,4,english,2019,kk
GREEN LIGHT SECONDARY,D,171,3,english,2019,kk
GREEN LIGHT SECONDARY,D-,69,2,english,2019,kk
GREEN LIGHT SECONDARY,E,7,1,english,2019,kk
GREEN LIGHT SECONDARY,X,0,0,english,2019,kk
GREEN LIGHT SECONDARY,Y,0,0,english,2019,kk
GREEN LIGHT SECONDARY,U,1,0,english,2019,kk
GREEN LIGHT SECONDARY,P,0,0,english,2019,kk
GREEN LIGHT SECONDARY,W,0,0,english,2019,kk
SOMALI BANTU SECONDARY,A,0,12,english,2019,kk
SOMALI BANTU SECONDARY,A-,0,11,english,2019,kk
SOMALI BANTU SECONDARY,B+,0,10,english,2019,kk
SOMALI BANTU SECONDARY,B,3,9,english,2019,kk
SOMALI BANTU SECONDARY,B-,8,8,english,2019,kk
SOMALI BANTU SECONDARY,C+,3,7,english,2019,kk
SOMALI BANTU SECONDARY,C,21,6,english,2019,kk
SOMALI BANTU SECONDARY,C-,21,5,english,2019,kk
SOMALI BANTU SECONDARY,D+,139,4,english,2019,kk
SOMALI BANTU SECONDARY,D,269,3,english,2019,kk
SOMALI BANTU SECONDARY,D-,77,2,english,2019,kk
SOMALI BANTU SECONDARY,E,22,1,english,2019,kk
SOMALI BANTU SECONDARY,X,0,0,english,2019,kk
SOMALI BANTU SECONDARY,Y,0,0,english,2019,kk
SOMALI BANTU SECONDARY,U,0,0,english,2019,kk
SOMALI BANTU SECONDARY,P,0,0,english,2019,kk
SOMALI BANTU SECONDARY,W,0,0,english,2019,kk
KALOBEYEI SECONDARY,A,0,12,english,2019,kk
KALOBEYEI SECONDARY,A-,0,11,english,2019,kk
KALOBEYEI SECONDARY,B+,0,10,english,2019,kk
KALOBEYEI SECONDARY,B,0,9,english,2019,kk
KALOBEYEI SECONDARY,B-,0,8,english,2019,kk
KALOBEYEI SECONDARY,C+,0,7,english,2019,kk
KALOBEYEI SECONDARY,C,1,6,english,2019,kk
KALOBEYEI SECONDARY,C-,1,5,english,2019,kk
KALOBEYEI SECONDARY,D+,2,4,english,2019,kk
KALOBEYEI SECONDARY,D,25,3,english,2019,kk
KALOBEYEI SECONDARY,D-,25,2,english,2019,kk
KALOBEYEI SECONDARY,E,4,1,english,2019,kk
KALOBEYEI SECONDARY,X,0,0,english,2019,kk
KALOBEYEI SECONDARY,Y,0,0,english,2019,kk
KALOBEYEI SECONDARY,U,0,0,english,2019,kk
KALOBEYEI SECONDARY,P,0,0,english,2019,kk
KALOBEYEI SECONDARY,W,0,0,english,2019,kk
MORNEU SHEPPELL SECONDARY,A,0,12,kiswahili,2019,kk
MORNEU SHEPPELL SECONDARY,A-,0,11,kiswahili,2019,kk
MORNEU SHEPPELL SECONDARY,B+,0,10,kiswahili,2019,kk
MORNEU SHEPPELL SECONDARY,B,0,9,kiswahili,2019,kk
MORNEU SHEPPELL SECONDARY,B-,0,8,kiswahili,2019,kk
MORNEU SHEPPELL SECONDARY,C+,6,7,kiswahili,2019,kk
MORNEU SHEPPELL SECONDARY,C,8,6,kiswahili,2019,kk
MORNEU SHEPPELL SECONDARY,C-,4,5,kiswahili,2019,kk
MORNEU SHEPPELL SECONDARY,D+,7,4,kiswahili,2019,kk
MORNEU SHEPPELL SECONDARY,D,32,3,kiswahili,2019,kk
MORNEU SHEPPELL SECONDARY,D-,14,2,kiswahili,2019,kk
MORNEU SHEPPELL SECONDARY,E,2,1,kiswahili,2019,kk
MORNEU SHEPPELL SECONDARY,X,1,0,kiswahili,2019,kk
MORNEU SHEPPELL SECONDARY,Y,0,0,kiswahili,2019,kk
MORNEU SHEPPELL SECONDARY,U,0,0,kiswahili,2019,kk
MORNEU SHEPPELL SECONDARY,P,0,0,kiswahili,2019,kk
MORNEU SHEPPELL SECONDARY,W,0,0,kiswahili,2019,kk
VISION SECONDARY,A,0,12,kiswahili,2019,kk
VISION SECONDARY,A-,0,11,kiswahili,2019,kk
VISION SECONDARY,B+,1,10,kiswahili,2019,kk
VISION SECONDARY,B,0,9,kiswahili,2019,kk
VISION SECONDARY,B-,0,8,kiswahili,2019,kk
VISION SECONDARY,C+,0,7,kiswahili,2019,kk
VISION SECONDARY,C,1,6,kiswahili,2019,kk
VISION SECONDARY,C-,2,5,kiswahili,2019,kk
VISION SECONDARY,D+,0,4,kiswahili,2019,kk
VISION SECONDARY,D,12,3,kiswahili,2019,kk
VISION SECONDARY,D-,63,2,kiswahili,2019,kk
VISION SECONDARY,E,345,1,kiswahili,2019,kk
VISION SECONDARY,X,0,0,kiswahili,2019,kk
VISION SECONDARY,Y,0,0,kiswahili,2019,kk
VISION SECONDARY,U,0,0,kiswahili,2019,kk
VISION SECONDARY,P,0,0,kiswahili,2019,kk
VISION SECONDARY,W,0,0,kiswahili,2019,kk
KAKUMA REFUGEE SECONDARY,A,0,12,kiswahili,2019,kk
KAKUMA REFUGEE SECONDARY,A-,0,11,kiswahili,2019,kk
KAKUMA REFUGEE SECONDARY,B+,0,10,kiswahili,2019,kk
KAKUMA REFUGEE SECONDARY,B,0,9,kiswahili,2019,kk
KAKUMA REFUGEE SECONDARY,B-,1,8,kiswahili,2019,kk
KAKUMA REFUGEE SECONDARY,C+,1,7,kiswahili,2019,kk
KAKUMA REFUGEE SECONDARY,C,1,6,kiswahili,2019,kk
KAKUMA REFUGEE SECONDARY,C-,2,5,kiswahili,2019,kk
KAKUMA REFUGEE SECONDARY,D+,2,4,kiswahili,2019,kk
KAKUMA REFUGEE SECONDARY,D,29,3,kiswahili,2019,kk
KAKUMA REFUGEE SECONDARY,D-,126,2,kiswahili,2019,kk
KAKUMA REFUGEE SECONDARY,E,355,1,kiswahili,2019,kk
KAKUMA REFUGEE SECONDARY,X,9,0,kiswahili,2019,kk
KAKUMA REFUGEE SECONDARY,Y,0,0,kiswahili,2019,kk
KAKUMA REFUGEE SECONDARY,U,0,0,kiswahili,2019,kk
KAKUMA REFUGEE SECONDARY,P,0,0,kiswahili,2019,kk
KAKUMA REFUGEE SECONDARY,W,0,0,kiswahili,2019,kk
GREEN LIGHT SECONDARY,A,0,12,kiswahili,2019,kk
GREEN LIGHT SECONDARY,A-,0,11,kiswahili,2019,kk
GREEN LIGHT SECONDARY,B+,0,10,kiswahili,2019,kk
GREEN LIGHT SECONDARY,B,1,9,kiswahili,2019,kk
GREEN LIGHT SECONDARY,B-,1,8,kiswahili,2019,kk
GREEN LIGHT SECONDARY,C+,2,7,kiswahili,2019,kk
GREEN LIGHT SECONDARY,C,1,6,kiswahili,2019,kk
GREEN LIGHT SECONDARY,C-,5,5,kiswahili,2019,kk
GREEN LIGHT SECONDARY,D+,1,4,kiswahili,2019,kk
GREEN LIGHT SECONDARY,D,27,3,kiswahili,2019,kk
GREEN LIGHT SECONDARY,D-,68,2,kiswahili,2019,kk
GREEN LIGHT SECONDARY,E,266,1,kiswahili,2019,kk
GREEN LIGHT SECONDARY,X,9,0,kiswahili,2019,kk
GREEN LIGHT SECONDARY,Y,0,0,kiswahili,2019,kk
GREEN LIGHT SECONDARY,U,0,0,kiswahili,2019,kk
GREEN LIGHT SECONDARY,P,1,0,kiswahili,2019,kk
GREEN LIGHT SECONDARY,W,0,0,kiswahili,2019,kk
SOMALI BANTU SECONDARY,A,0,12,kiswahili,2019,kk
SOMALI BANTU SECONDARY,A-,0,11,kiswahili,2019,kk
SOMALI BANTU SECONDARY,B+,0,10,kiswahili,2019,kk
SOMALI BANTU SECONDARY,B,0,9,kiswahili,2019,kk
SOMALI BANTU SECONDARY,B-,0,8,kiswahili,2019,kk
SOMALI BANTU SECONDARY,C+,0,7,kiswahili,2019,kk
SOMALI BANTU SECONDARY,C,1,6,kiswahili,2019,kk
SOMALI BANTU SECONDARY,C-,2,5,kiswahili,2019,kk
SOMALI BANTU SECONDARY,D+,1,4,kiswahili,2019,kk
SOMALI BANTU SECONDARY,D,16,3,kiswahili,2019,kk
SOMALI BANTU SECONDARY,D-,57,2,kiswahili,2019,kk
SOMALI BANTU SECONDARY,E,464,1,kiswahili,2019,kk
SOMALI BANTU SECONDARY,X,22,0,kiswahili,2019,kk
SOMALI BANTU SECONDARY,Y,0,0,kiswahili,2019,kk
SOMALI BANTU SECONDARY,U,0,0,kiswahili,2019,kk
SOMALI BANTU SECONDARY,P,0,0,kiswahili,2019,kk
SOMALI BANTU SECONDARY,W,0,0,kiswahili,2019,kk
KALOBEYEI SECONDARY,A,0,12,kiswahili,2019,kk
KALOBEYEI SECONDARY,A-,0,11,kiswahili,2019,kk
KALOBEYEI SECONDARY,B+,0,10,kiswahili,2019,kk
KALOBEYEI SECONDARY,B,0,9,kiswahili,2019,kk
KALOBEYEI SECONDARY,B-,0,8,kiswahili,2019,kk
KALOBEYEI SECONDARY,C+,0,7,kiswahili,2019,kk
KALOBEYEI SECONDARY,C,0,6,kiswahili,2019,kk
KALOBEYEI SECONDARY,C-,1,5,kiswahili,2019,kk
KALOBEYEI SECONDARY,D+,0,4,kiswahili,2019,kk
KALOBEYEI SECONDARY,D,1,3,kiswahili,2019,kk
KALOBEYEI SECONDARY,D-,16,2,kiswahili,2019,kk
KALOBEYEI SECONDARY,E,40,1,kiswahili,2019,kk
KALOBEYEI SECONDARY,X,0,0,kiswahili,2019,kk
KALOBEYEI SECONDARY,Y,0,0,kiswahili,2019,kk
KALOBEYEI SECONDARY,U,0,0,kiswahili,2019,kk
KALOBEYEI SECONDARY,P,0,0,kiswahili,2019,kk
KALOBEYEI SECONDARY,W,0,0,kiswahili,2019,kk
MORNEU SHEPPELL SECONDARY,A,2,12,maths,2019,kk
MORNEU SHEPPELL SECONDARY,A-,0,11,maths,2019,kk
MORNEU SHEPPELL SECONDARY,B+,1,10,maths,2019,kk
MORNEU SHEPPELL SECONDARY,B,4,9,maths,2019,kk
MORNEU SHEPPELL SECONDARY,B-,3,8,maths,2019,kk
MORNEU SHEPPELL SECONDARY,C+,1,7,maths,2019,kk
MORNEU SHEPPELL SECONDARY,C,5,6,maths,2019,kk
MORNEU SHEPPELL SECONDARY,C-,3,5,maths,2019,kk
MORNEU SHEPPELL SECONDARY,D+,3,4,maths,2019,kk
MORNEU SHEPPELL SECONDARY,D,10,3,maths,2019,kk
MORNEU SHEPPELL SECONDARY,D-,24,2,maths,2019,kk
MORNEU SHEPPELL SECONDARY,E,17,1,maths,2019,kk
MORNEU SHEPPELL SECONDARY,X,1,0,maths,2019,kk
MORNEU SHEPPELL SECONDARY,Y,0,0,maths,2019,kk
MORNEU SHEPPELL SECONDARY,U,0,0,maths,2019,kk
MORNEU SHEPPELL SECONDARY,P,0,0,maths,2019,kk
MORNEU SHEPPELL SECONDARY,W,0,0,maths,2019,kk
VISION SECONDARY,A,5,12,maths,2019,kk
VISION SECONDARY,A-,2,11,maths,2019,kk
VISION SECONDARY,B+,1,10,maths,2019,kk
VISION SECONDARY,B,3,9,maths,2019,kk
VISION SECONDARY,B-,5,8,maths,2019,kk
VISION SECONDARY,C+,4,7,maths,2019,kk
VISION SECONDARY,C,3,6,maths,2019,kk
VISION SECONDARY,C-,8,5,maths,2019,kk
VISION SECONDARY,D+,1,4,maths,2019,kk
VISION SECONDARY,D,48,3,maths,2019,kk
VISION SECONDARY,D-,95,2,maths,2019,kk
VISION SECONDARY,E,249,1,maths,2019,kk
VISION SECONDARY,X,5,0,maths,2019,kk
VISION SECONDARY,Y,0,0,maths,2019,kk
VISION SECONDARY,U,0,0,maths,2019,kk
VISION SECONDARY,P,0,0,maths,2019,kk
VISION SECONDARY,W,0,0,maths,2019,kk
KAKUMA REFUGEE SECONDARY,A,3,12,maths,2019,kk
KAKUMA REFUGEE SECONDARY,A-,0,11,maths,2019,kk
KAKUMA REFUGEE SECONDARY,B+,2,10,maths,2019,kk
KAKUMA REFUGEE SECONDARY,B,0,9,maths,2019,kk
KAKUMA REFUGEE SECONDARY,B-,4,8,maths,2019,kk
KAKUMA REFUGEE SECONDARY,C+,4,7,maths,2019,kk
KAKUMA REFUGEE SECONDARY,C,5,6,maths,2019,kk
KAKUMA REFUGEE SECONDARY,C-,7,5,maths,2019,kk
KAKUMA REFUGEE SECONDARY,D+,6,4,maths,2019,kk
KAKUMA REFUGEE SECONDARY,D,33,3,maths,2019,kk
KAKUMA REFUGEE SECONDARY,D-,79,2,maths,2019,kk
KAKUMA REFUGEE SECONDARY,E,373,1,maths,2019,kk
KAKUMA REFUGEE SECONDARY,X,10,0,maths,2019,kk
KAKUMA REFUGEE SECONDARY,Y,0,0,maths,2019,kk
KAKUMA REFUGEE SECONDARY,U,0,0,maths,2019,kk
KAKUMA REFUGEE SECONDARY,P,0,0,maths,2019,kk
KAKUMA REFUGEE SECONDARY,W,0,0,maths,2019,kk
GREEN LIGHT SECONDARY,A,1,12,maths,2019,kk
GREEN LIGHT SECONDARY,A-,3,11,maths,2019,kk
GREEN LIGHT SECONDARY,B+,2,10,maths,2019,kk
GREEN LIGHT SECONDARY,B,0,9,maths,2019,kk
GREEN LIGHT SECONDARY,B-,4,8,maths,2019,kk
GREEN LIGHT SECONDARY,C+,3,7,maths,2019,kk
GREEN LIGHT SECONDARY,C,6,6,maths,2019,kk
GREEN LIGHT SECONDARY,C-,3,5,maths,2019,kk
GREEN LIGHT SECONDARY,D+,8,4,maths,2019,kk
GREEN LIGHT SECONDARY,D,27,3,maths,2019,kk
GREEN LIGHT SECONDARY,D-,54,2,maths,2019,kk
GREEN LIGHT SECONDARY,E,263,1,maths,2019,kk
GREEN LIGHT SECONDARY,X,7,0,maths,2019,kk
GREEN LIGHT SECONDARY,Y,0,0,maths,2019,kk
GREEN LIGHT SECONDARY,U,0,0,maths,2019,kk
GREEN LIGHT SECONDARY,P,1,0,maths,2019,kk
GREEN LIGHT SECONDARY,W,0,0,maths,2019,kk
SOMALI BANTU SECONDARY,A,4,12,maths,2019,kk
SOMALI BANTU SECONDARY,A-,1,11,maths,2019,kk
SOMALI BANTU SECONDARY,B+,6,10,maths,2019,kk
SOMALI BANTU SECONDARY,B,3,9,maths,2019,kk
SOMALI BANTU SECONDARY,B-,5,8,maths,2019,kk
SOMALI BANTU SECONDARY,C+,0,7,maths,2019,kk
SOMALI BANTU SECONDARY,C,10,6,maths,2019,kk
SOMALI BANTU SECONDARY,C-,8,5,maths,2019,kk
SOMALI BANTU SECONDARY,D+,7,4,maths,2019,kk
SOMALI BANTU SECONDARY,D,27,3,maths,2019,kk
SOMALI BANTU SECONDARY,D-,69,2,maths,2019,kk
SOMALI BANTU SECONDARY,E,401,1,maths,2019,kk
SOMALI BANTU SECONDARY,X,22,0,maths,2019,kk
SOMALI BANTU SECONDARY,Y,0,0,maths,2019,kk
SOMALI BANTU SECONDARY,U,0,0,maths,2019,kk
SOMALI BANTU SECONDARY,P,0,0,maths,2019,kk
SOMALI BANTU SECONDARY,W,0,0,maths,2019,kk
KALOBEYEI SECONDARY,A,0,12,maths,2019,kk
KALOBEYEI SECONDARY,A-,0,11,maths,2019,kk
KALOBEYEI SECONDARY,B+,0,10,maths,2019,kk
KALOBEYEI SECONDARY,B,0,9,maths,2019,kk
KALOBEYEI SECONDARY,B-,1,8,maths,2019,kk
KALOBEYEI SECONDARY,C+,0,7,maths,2019,kk
KALOBEYEI SECONDARY,C,0,6,maths,2019,kk
KALOBEYEI SECONDARY,C-,1,5,maths,2019,kk
KALOBEYEI SECONDARY,D+,0,4,maths,2019,kk
KALOBEYEI SECONDARY,D,2,3,maths,2019,kk
KALOBEYEI SECONDARY,D-,6,2,maths,2019,kk
KALOBEYEI SECONDARY,E,48,1,maths,2019,kk
KALOBEYEI SECONDARY,X,0,0,maths,2019,kk
KALOBEYEI SECONDARY,Y,0,0,maths,2019,kk
KALOBEYEI SECONDARY,U,0,0,maths,2019,kk
KALOBEYEI SECONDARY,P,0,0,maths,2019,kk
KALOBEYEI SECONDARY,W,0,0,maths,2019,kk
MORNEU SHEPPELL SECONDARY,A,0,12,biology,2019,kk
MORNEU SHEPPELL SECONDARY,A-,0,11,biology,2019,kk
MORNEU SHEPPELL SECONDARY,B+,0,10,biology,2019,kk
MORNEU SHEPPELL SECONDARY,B,0,9,biology,2019,kk
MORNEU SHEPPELL SECONDARY,B-,0,8,biology,2019,kk
MORNEU SHEPPELL SECONDARY,C+,4,7,biology,2019,kk
MORNEU SHEPPELL SECONDARY,C,4,6,biology,2019,kk
MORNEU SHEPPELL SECONDARY,C-,0,5,biology,2019,kk
MORNEU SHEPPELL SECONDARY,D+,4,4,biology,2019,kk
MORNEU SHEPPELL SECONDARY,D,34,3,biology,2019,kk
MORNEU SHEPPELL SECONDARY,D-,22,2,biology,2019,kk
MORNEU SHEPPELL SECONDARY,E,1,1,biology,2019,kk
MORNEU SHEPPELL SECONDARY,X,1,0,biology,2019,kk
MORNEU SHEPPELL SECONDARY,Y,0,0,biology,2019,kk
MORNEU SHEPPELL SECONDARY,U,0,0,biology,2019,kk
MORNEU SHEPPELL SECONDARY,P,0,0,biology,2019,kk
MORNEU SHEPPELL SECONDARY,W,0,0,biology,2019,kk
VISION SECONDARY,A,0,12,biology,2019,kk
VISION SECONDARY,A-,1,11,biology,2019,kk
VISION SECONDARY,B+,0,10,biology,2019,kk
VISION SECONDARY,B,0,9,biology,2019,kk
VISION SECONDARY,B-,0,8,biology,2019,kk
VISION SECONDARY,C+,0,7,biology,2019,kk
VISION SECONDARY,C,1,6,biology,2019,kk
VISION SECONDARY,C-,5,5,biology,2019,kk
VISION SECONDARY,D+,10,4,biology,2019,kk
VISION SECONDARY,D,73,3,biology,2019,kk
VISION SECONDARY,D-,184,2,biology,2019,kk
VISION SECONDARY,E,119,1,biology,2019,kk
VISION SECONDARY,X,6,0,biology,2019,kk
VISION SECONDARY,Y,0,0,biology,2019,kk
VISION SECONDARY,U,0,0,biology,2019,kk
VISION SECONDARY,P,0,0,biology,2019,kk
VISION SECONDARY,W,0,0,biology,2019,kk
KAKUMA REFUGEE SECONDARY,A,0,12,biology,2019,kk
KAKUMA REFUGEE SECONDARY,A-,0,11,biology,2019,kk
KAKUMA REFUGEE SECONDARY,B+,0,10,biology,2019,kk
KAKUMA REFUGEE SECONDARY,B,0,9,biology,2019,kk
KAKUMA REFUGEE SECONDARY,B-,2,8,biology,2019,kk
KAKUMA REFUGEE SECONDARY,C+,3,7,biology,2019,kk
KAKUMA REFUGEE SECONDARY,C,2,6,biology,2019,kk
KAKUMA REFUGEE SECONDARY,C-,7,5,biology,2019,kk
KAKUMA REFUGEE SECONDARY,D+,5,4,biology,2019,kk
KAKUMA REFUGEE SECONDARY,D,81,3,biology,2019,kk
KAKUMA REFUGEE SECONDARY,D-,251,2,biology,2019,kk
KAKUMA REFUGEE SECONDARY,E,127,1,biology,2019,kk
KAKUMA REFUGEE SECONDARY,X,8,0,biology,2019,kk
KAKUMA REFUGEE SECONDARY,Y,0,0,biology,2019,kk
KAKUMA REFUGEE SECONDARY,U,0,0,biology,2019,kk
KAKUMA REFUGEE SECONDARY,P,0,0,biology,2019,kk
KAKUMA REFUGEE SECONDARY,W,0,0,biology,2019,kk
GREEN LIGHT SECONDARY,A,0,12,biology,2019,kk
GREEN LIGHT SECONDARY,A-,0,11,biology,2019,kk
GREEN LIGHT SECONDARY,B+,0,10,biology,2019,kk
GREEN LIGHT SECONDARY,B,0,9,biology,2019,kk
GREEN LIGHT SECONDARY,B-,3,8,biology,2019,kk
GREEN LIGHT SECONDARY,C+,3,7,biology,2019,kk
GREEN LIGHT SECONDARY,C,3,6,biology,2019,kk
GREEN LIGHT SECONDARY,C-,3,5,biology,2019,kk
GREEN LIGHT SECONDARY,D+,5,4,biology,2019,kk
GREEN LIGHT SECONDARY,D,39,3,biology,2019,kk
GREEN LIGHT SECONDARY,D-,97,2,biology,2019,kk
GREEN LIGHT SECONDARY,E,210,1,biology,2019,kk
GREEN LIGHT SECONDARY,X,9,0,biology,2019,kk
GREEN LIGHT SECONDARY,Y,0,0,biology,2019,kk
GREEN LIGHT SECONDARY,U,0,0,biology,2019,kk
GREEN LIGHT SECONDARY,P,1,0,biology,2019,kk
GREEN LIGHT SECONDARY,W,0,0,biology,2019,kk
SOMALI BANTU SECONDARY,A,0,12,biology,2019,kk
SOMALI BANTU SECONDARY,A-,1,11,biology,2019,kk
SOMALI BANTU SECONDARY,B+,0,10,biology,2019,kk
SOMALI BANTU SECONDARY,B,2,9,biology,2019,kk
SOMALI BANTU SECONDARY,B-,1,8,biology,2019,kk
SOMALI BANTU SECONDARY,C+,5,7,biology,2019,kk
SOMALI BANTU SECONDARY,C,5,6,biology,2019,kk
SOMALI BANTU SECONDARY,C-,6,5,biology,2019,kk
SOMALI BANTU SECONDARY,D+,12,4,biology,2019,kk
SOMALI BANTU SECONDARY,D,61,3,biology,2019,kk
SOMALI BANTU SECONDARY,D-,156,2,biology,2019,kk
SOMALI BANTU SECONDARY,E,265,1,biology,2019,kk
SOMALI BANTU SECONDARY,X,21,0,biology,2019,kk
SOMALI BANTU SECONDARY,Y,0,0,biology,2019,kk
SOMALI BANTU SECONDARY,U,0,0,biology,2019,kk
SOMALI BANTU SECONDARY,P,0,0,biology,2019,kk
SOMALI BANTU SECONDARY,W,0,0,biology,2019,kk
KALOBEYEI SECONDARY,A,0,12,biology,2019,kk
KALOBEYEI SECONDARY,A-,0,11,biology,2019,kk
KALOBEYEI SECONDARY,B+,0,10,biology,2019,kk
KALOBEYEI SECONDARY,B,0,9,biology,2019,kk
KALOBEYEI SECONDARY,B-,0,8,biology,2019,kk
KALOBEYEI SECONDARY,C+,0,7,biology,2019,kk
KALOBEYEI SECONDARY,C,1,6,biology,2019,kk
KALOBEYEI SECONDARY,C-,1,5,biology,2019,kk
KALOBEYEI SECONDARY,D+,0,4,biology,2019,kk
KALOBEYEI SECONDARY,D,6,3,biology,2019,kk
KALOBEYEI SECONDARY,D-,17,2,biology,2019,kk
KALOBEYEI SECONDARY,E,33,1,biology,2019,kk
KALOBEYEI SECONDARY,X,0,0,biology,2019,kk
KALOBEYEI SECONDARY,Y,0,0,biology,2019,kk
KALOBEYEI SECONDARY,U,0,0,biology,2019,kk
KALOBEYEI SECONDARY,P,0,0,biology,2019,kk
KALOBEYEI SECONDARY,W,0,0,biology,2019,kk
MORNEU SHEPPELL SECONDARY,A,0,12,physics,2019,kk
MORNEU SHEPPELL SECONDARY,A-,0,11,physics,2019,kk
MORNEU SHEPPELL SECONDARY,B+,0,10,physics,2019,kk
MORNEU SHEPPELL SECONDARY,B,0,9,physics,2019,kk
MORNEU SHEPPELL SECONDARY,B-,2,8,physics,2019,kk
MORNEU SHEPPELL SECONDARY,C+,2,7,physics,2019,kk
MORNEU SHEPPELL SECONDARY,C,0,6,physics,2019,kk
MORNEU SHEPPELL SECONDARY,C-,2,5,physics,2019,kk
MORNEU SHEPPELL SECONDARY,D+,4,4,physics,2019,kk
MORNEU SHEPPELL SECONDARY,D,0,3,physics,2019,kk
MORNEU SHEPPELL SECONDARY,D-,7,2,physics,2019,kk
MORNEU SHEPPELL SECONDARY,E,1,1,physics,2019,kk
MORNEU SHEPPELL SECONDARY,X,1,0,physics,2019,kk
MORNEU SHEPPELL SECONDARY,Y,0,0,physics,2019,kk
MORNEU SHEPPELL SECONDARY,U,0,0,physics,2019,kk
MORNEU SHEPPELL SECONDARY,P,0,0,physics,2019,kk
MORNEU SHEPPELL SECONDARY,W,0,0,physics,2019,kk
VISION SECONDARY,A,0,12,physics,2019,kk
VISION SECONDARY,A-,0,11,physics,2019,kk
VISION SECONDARY,B+,3,10,physics,2019,kk
VISION SECONDARY,B,2,9,physics,2019,kk
VISION SECONDARY,B-,1,8,physics,2019,kk
VISION SECONDARY,C+,2,7,physics,2019,kk
VISION SECONDARY,C,2,6,physics,2019,kk
VISION SECONDARY,C-,5,5,physics,2019,kk
VISION SECONDARY,D+,5,4,physics,2019,kk
VISION SECONDARY,D,28,3,physics,2019,kk
VISION SECONDARY,D-,25,2,physics,2019,kk
VISION SECONDARY,E,4,1,physics,2019,kk
VISION SECONDARY,X,0,0,physics,2019,kk
VISION SECONDARY,Y,0,0,physics,2019,kk
VISION SECONDARY,U,0,0,physics,2019,kk
VISION SECONDARY,P,0,0,physics,2019,kk
VISION SECONDARY,W,0,0,physics,2019,kk
KAKUMA REFUGEE SECONDARY,A,0,12,physics,2019,kk
KAKUMA REFUGEE SECONDARY,A-,1,11,physics,2019,kk
KAKUMA REFUGEE SECONDARY,B+,0,10,physics,2019,kk
KAKUMA REFUGEE SECONDARY,B,2,9,physics,2019,kk
KAKUMA REFUGEE SECONDARY,B-,0,8,physics,2019,kk
KAKUMA REFUGEE SECONDARY,C+,1,7,physics,2019,kk
KAKUMA REFUGEE SECONDARY,C,1,6,physics,2019,kk
KAKUMA REFUGEE SECONDARY,C-,4,5,physics,2019,kk
KAKUMA REFUGEE SECONDARY,D+,3,4,physics,2019,kk
KAKUMA REFUGEE SECONDARY,D,26,3,physics,2019,kk
KAKUMA REFUGEE SECONDARY,D-,20,2,physics,2019,kk
KAKUMA REFUGEE SECONDARY,E,27,1,physics,2019,kk
KAKUMA REFUGEE SECONDARY,X,3,0,physics,2019,kk
KAKUMA REFUGEE SECONDARY,Y,0,0,physics,2019,kk
KAKUMA REFUGEE SECONDARY,U,0,0,physics,2019,kk
KAKUMA REFUGEE SECONDARY,P,0,0,physics,2019,kk
KAKUMA REFUGEE SECONDARY,W,0,0,physics,2019,kk
GREEN LIGHT SECONDARY,A,0,12,physics,2019,kk
GREEN LIGHT SECONDARY,A-,0,11,physics,2019,kk
GREEN LIGHT SECONDARY,B+,0,10,physics,2019,kk
GREEN LIGHT SECONDARY,B,1,9,physics,2019,kk
GREEN LIGHT SECONDARY,B-,2,8,physics,2019,kk
GREEN LIGHT SECONDARY,C+,1,7,physics,2019,kk
GREEN LIGHT SECONDARY,C,1,6,physics,2019,kk
GREEN LIGHT SECONDARY,C-,1,5,physics,2019,kk
GREEN LIGHT SECONDARY,D+,0,4,physics,2019,kk
GREEN LIGHT SECONDARY,D,10,3,physics,2019,kk
GREEN LIGHT SECONDARY,D-,16,2,physics,2019,kk
GREEN LIGHT SECONDARY,E,15,1,physics,2019,kk
GREEN LIGHT SECONDARY,X,0,0,physics,2019,kk
GREEN LIGHT SECONDARY,Y,0,0,physics,2019,kk
GREEN LIGHT SECONDARY,U,0,0,physics,2019,kk
GREEN LIGHT SECONDARY,P,0,0,physics,2019,kk
GREEN LIGHT SECONDARY,W,0,0,physics,2019,kk
SOMALI BANTU SECONDARY,A,0,12,physics,2019,kk
SOMALI BANTU SECONDARY,A-,0,11,physics,2019,kk
SOMALI BANTU SECONDARY,B+,1,10,physics,2019,kk
SOMALI BANTU SECONDARY,B,2,9,physics,2019,kk
SOMALI BANTU SECONDARY,B-,1,8,physics,2019,kk
SOMALI BANTU SECONDARY,C+,1,7,physics,2019,kk
SOMALI BANTU SECONDARY,C,1,6,physics,2019,kk
SOMALI BANTU SECONDARY,C-,0,5,physics,2019,kk
SOMALI BANTU SECONDARY,D+,1,4,physics,2019,kk
SOMALI BANTU SECONDARY,D,11,3,physics,2019,kk
SOMALI BANTU SECONDARY,D-,16,2,physics,2019,kk
SOMALI BANTU SECONDARY,E,11,1,physics,2019,kk
SOMALI BANTU SECONDARY,X,2,0,physics,2019,kk
SOMALI BANTU SECONDARY,Y,0,0,physics,2019,kk
SOMALI BANTU SECONDARY,U,0,0,physics,2019,kk
SOMALI BANTU SECONDARY,P,0,0,physics,2019,kk
SOMALI BANTU SECONDARY,W,0,0,physics,2019,kk
KALOBEYEI SECONDARY,A,0,12,physics,2019,kk
KALOBEYEI SECONDARY,A-,0,11,physics,2019,kk
KALOBEYEI SECONDARY,B+,0,10,physics,2019,kk
KALOBEYEI SECONDARY,B,0,9,physics,2019,kk
KALOBEYEI SECONDARY,B-,0,8,physics,2019,kk
KALOBEYEI SECONDARY,C+,0,7,physics,2019,kk
KALOBEYEI SECONDARY,C,1,6,physics,2019,kk
KALOBEYEI SECONDARY,C-,1,5,physics,2019,kk
KALOBEYEI SECONDARY,D+,0,4,physics,2019,kk
KALOBEYEI SECONDARY,D,1,3,physics,2019,kk
KALOBEYEI SECONDARY,D-,2,2,physics,2019,kk
KALOBEYEI SECONDARY,E,0,1,physics,2019,kk
KALOBEYEI SECONDARY,X,0,0,physics,2019,kk
KALOBEYEI SECONDARY,Y,0,0,physics,2019,kk
KALOBEYEI SECONDARY,U,0,0,physics,2019,kk
KALOBEYEI SECONDARY,P,0,0,physics,2019,kk
KALOBEYEI SECONDARY,W,0,0,physics,2019,kk
MORNEU SHEPPELL SECONDARY,A,0,12,chemistry,2019,kk
MORNEU SHEPPELL SECONDARY,A-,0,11,chemistry,2019,kk
MORNEU SHEPPELL SECONDARY,B+,1,10,chemistry,2019,kk
MORNEU SHEPPELL SECONDARY,B,1,9,chemistry,2019,kk
MORNEU SHEPPELL SECONDARY,B-,6,8,chemistry,2019,kk
MORNEU SHEPPELL SECONDARY,C+,1,7,chemistry,2019,kk
MORNEU SHEPPELL SECONDARY,C,0,6,chemistry,2019,kk
MORNEU SHEPPELL SECONDARY,C-,5,5,chemistry,2019,kk
MORNEU SHEPPELL SECONDARY,D+,3,4,chemistry,2019,kk
MORNEU SHEPPELL SECONDARY,D,11,3,chemistry,2019,kk
MORNEU SHEPPELL SECONDARY,D-,32,2,chemistry,2019,kk
MORNEU SHEPPELL SECONDARY,E,13,1,chemistry,2019,kk
MORNEU SHEPPELL SECONDARY,X,1,0,chemistry,2019,kk
MORNEU SHEPPELL SECONDARY,Y,0,0,chemistry,2019,kk
MORNEU SHEPPELL SECONDARY,U,0,0,chemistry,2019,kk
MORNEU SHEPPELL SECONDARY,P,0,0,chemistry,2019,kk
MORNEU SHEPPELL SECONDARY,W,0,0,chemistry,2019,kk
VISION SECONDARY,A,0,12,chemistry,2019,kk
VISION SECONDARY,A-,0,11,chemistry,2019,kk
VISION SECONDARY,B+,2,10,chemistry,2019,kk
VISION SECONDARY,B,2,9,chemistry,2019,kk
VISION SECONDARY,B-,1,8,chemistry,2019,kk
VISION SECONDARY,C+,5,7,chemistry,2019,kk
VISION SECONDARY,C,4,6,chemistry,2019,kk
VISION SECONDARY,C-,6,5,chemistry,2019,kk
VISION SECONDARY,D+,5,4,chemistry,2019,kk
VISION SECONDARY,D,45,3,chemistry,2019,kk
VISION SECONDARY,D-,177,2,chemistry,2019,kk
VISION SECONDARY,E,176,1,chemistry,2019,kk
VISION SECONDARY,X,6,0,chemistry,2019,kk
VISION SECONDARY,Y,0,0,chemistry,2019,kk
VISION SECONDARY,U,0,0,chemistry,2019,kk
VISION SECONDARY,P,0,0,chemistry,2019,kk
VISION SECONDARY,W,0,0,chemistry,2019,kk
KAKUMA REFUGEE SECONDARY,A,1,12,chemistry,2019,kk
KAKUMA REFUGEE SECONDARY,A-,1,11,chemistry,2019,kk
KAKUMA REFUGEE SECONDARY,B+,1,10,chemistry,2019,kk
KAKUMA REFUGEE SECONDARY,B,1,9,chemistry,2019,kk
KAKUMA REFUGEE SECONDARY,B-,3,8,chemistry,2019,kk
KAKUMA REFUGEE SECONDARY,C+,2,7,chemistry,2019,kk
KAKUMA REFUGEE SECONDARY,C,1,6,chemistry,2019,kk
KAKUMA REFUGEE SECONDARY,C-,1,5,chemistry,2019,kk
KAKUMA REFUGEE SECONDARY,D+,5,4,chemistry,2019,kk
KAKUMA REFUGEE SECONDARY,D,29,3,chemistry,2019,kk
KAKUMA REFUGEE SECONDARY,D-,101,2,chemistry,2019,kk
KAKUMA REFUGEE SECONDARY,E,371,1,chemistry,2019,kk
KAKUMA REFUGEE SECONDARY,X,9,0,chemistry,2019,kk
KAKUMA REFUGEE SECONDARY,Y,0,0,chemistry,2019,kk
KAKUMA REFUGEE SECONDARY,U,0,0,chemistry,2019,kk
KAKUMA REFUGEE SECONDARY,P,0,0,chemistry,2019,kk
KAKUMA REFUGEE SECONDARY,W,0,0,chemistry,2019,kk
GREEN LIGHT SECONDARY,A,0,12,chemistry,2019,kk
GREEN LIGHT SECONDARY,A-,0,11,chemistry,2019,kk
GREEN LIGHT SECONDARY,B+,1,10,chemistry,2019,kk
GREEN LIGHT SECONDARY,B,2,9,chemistry,2019,kk
GREEN LIGHT SECONDARY,B-,1,8,chemistry,2019,kk
GREEN LIGHT SECONDARY,C+,3,7,chemistry,2019,kk
GREEN LIGHT SECONDARY,C,2,6,chemistry,2019,kk
GREEN LIGHT SECONDARY,C-,2,5,chemistry,2019,kk
GREEN LIGHT SECONDARY,D+,6,4,chemistry,2019,kk
GREEN LIGHT SECONDARY,D,20,3,chemistry,2019,kk
GREEN LIGHT SECONDARY,D-,75,2,chemistry,2019,kk
GREEN LIGHT SECONDARY,E,260,1,chemistry,2019,kk
GREEN LIGHT SECONDARY,X,8,0,chemistry,2019,kk
GREEN LIGHT SECONDARY,Y,0,0,chemistry,2019,kk
GREEN LIGHT SECONDARY,U,0,0,chemistry,2019,kk
GREEN LIGHT SECONDARY,P,1,0,chemistry,2019,kk
GREEN LIGHT SECONDARY,W,0,0,chemistry,2019,kk
SOMALI BANTU SECONDARY,A,0,12,chemistry,2019,kk
SOMALI BANTU SECONDARY,A-,1,11,chemistry,2019,kk
SOMALI BANTU SECONDARY,B+,1,10,chemistry,2019,kk
SOMALI BANTU SECONDARY,B,2,9,chemistry,2019,kk
SOMALI BANTU SECONDARY,B-,1,8,chemistry,2019,kk
SOMALI BANTU SECONDARY,C+,7,7,chemistry,2019,kk
SOMALI BANTU SECONDARY,C,7,6,chemistry,2019,kk
SOMALI BANTU SECONDARY,C-,3,5,chemistry,2019,kk
SOMALI BANTU SECONDARY,D+,6,4,chemistry,2019,kk
SOMALI BANTU SECONDARY,D,32,3,chemistry,2019,kk
SOMALI BANTU SECONDARY,D-,116,2,chemistry,2019,kk
SOMALI BANTU SECONDARY,E,365,1,chemistry,2019,kk
SOMALI BANTU SECONDARY,X,21,0,chemistry,2019,kk
SOMALI BANTU SECONDARY,Y,0,0,chemistry,2019,kk
SOMALI BANTU SECONDARY,U,0,0,chemistry,2019,kk
SOMALI BANTU SECONDARY,P,0,0,chemistry,2019,kk
SOMALI BANTU SECONDARY,W,0,0,chemistry,2019,kk
KALOBEYEI SECONDARY,A,0,12,chemistry,2019,kk
KALOBEYEI SECONDARY,A-,0,11,chemistry,2019,kk
KALOBEYEI SECONDARY,B+,0,10,chemistry,2019,kk
KALOBEYEI SECONDARY,B,0,9,chemistry,2019,kk
KALOBEYEI SECONDARY,B-,1,8,chemistry,2019,kk
KALOBEYEI SECONDARY,C+,0,7,chemistry,2019,kk
KALOBEYEI SECONDARY,C,1,6,chemistry,2019,kk
KALOBEYEI SECONDARY,C-,0,5,chemistry,2019,kk
KALOBEYEI SECONDARY,D+,0,4,chemistry,2019,kk
KALOBEYEI SECONDARY,D,2,3,chemistry,2019,kk
KALOBEYEI SECONDARY,D-,28,2,chemistry,2019,kk
KALOBEYEI SECONDARY,E,26,1,chemistry,2019,kk
KALOBEYEI SECONDARY,X,0,0,chemistry,2019,kk
KALOBEYEI SECONDARY,Y,0,0,chemistry,2019,kk
KALOBEYEI SECONDARY,U,0,0,chemistry,2019,kk
KALOBEYEI SECONDARY,P,0,0,chemistry,2019,kk
KALOBEYEI SECONDARY,W,0,0,chemistry,2019,kk
MORNEU SHEPPELL SECONDARY,A,2,12,history,2019,kk
MORNEU SHEPPELL SECONDARY,A-,1,11,history,2019,kk
MORNEU SHEPPELL SECONDARY,B+,2,10,history,2019,kk
MORNEU SHEPPELL SECONDARY,B,5,9,history,2019,kk
MORNEU SHEPPELL SECONDARY,B-,6,8,history,2019,kk
MORNEU SHEPPELL SECONDARY,C+,1,7,history,2019,kk
MORNEU SHEPPELL SECONDARY,C,3,6,history,2019,kk
MORNEU SHEPPELL SECONDARY,C-,0,5,history,2019,kk
MORNEU SHEPPELL SECONDARY,D+,5,4,history,2019,kk
MORNEU SHEPPELL SECONDARY,D,9,3,history,2019,kk
MORNEU SHEPPELL SECONDARY,D-,6,2,history,2019,kk
MORNEU SHEPPELL SECONDARY,E,1,1,history,2019,kk
MORNEU SHEPPELL SECONDARY,X,0,0,history,2019,kk
MORNEU SHEPPELL SECONDARY,Y,0,0,history,2019,kk
MORNEU SHEPPELL SECONDARY,U,0,0,history,2019,kk
MORNEU SHEPPELL SECONDARY,P,0,0,history,2019,kk
MORNEU SHEPPELL SECONDARY,W,0,0,history,2019,kk
VISION SECONDARY,A,0,12,history,2019,kk
VISION SECONDARY,A-,0,11,history,2019,kk
VISION SECONDARY,B+,2,10,history,2019,kk
VISION SECONDARY,B,5,9,history,2019,kk
VISION SECONDARY,B-,15,8,history,2019,kk
VISION SECONDARY,C+,8,7,history,2019,kk
VISION SECONDARY,C,10,6,history,2019,kk
VISION SECONDARY,C-,8,5,history,2019,kk
VISION SECONDARY,D+,19,4,history,2019,kk
VISION SECONDARY,D,64,3,history,2019,kk
VISION SECONDARY,D-,48,2,history,2019,kk
VISION SECONDARY,E,9,1,history,2019,kk
VISION SECONDARY,X,4,0,history,2019,kk
VISION SECONDARY,Y,0,0,history,2019,kk
VISION SECONDARY,U,0,0,history,2019,kk
VISION SECONDARY,P,0,0,history,2019,kk
VISION SECONDARY,W,0,0,history,2019,kk
KAKUMA REFUGEE SECONDARY,A,2,12,history,2019,kk
KAKUMA REFUGEE SECONDARY,A-,2,11,history,2019,kk
KAKUMA REFUGEE SECONDARY,B+,2,10,history,2019,kk
KAKUMA REFUGEE SECONDARY,B,5,9,history,2019,kk
KAKUMA REFUGEE SECONDARY,B-,8,8,history,2019,kk
KAKUMA REFUGEE SECONDARY,C+,10,7,history,2019,kk
KAKUMA REFUGEE SECONDARY,C,11,6,history,2019,kk
KAKUMA REFUGEE SECONDARY,C-,11,5,history,2019,kk
KAKUMA REFUGEE SECONDARY,D+,12,4,history,2019,kk
KAKUMA REFUGEE SECONDARY,D,85,3,history,2019,kk
KAKUMA REFUGEE SECONDARY,D-,73,2,history,2019,kk
KAKUMA REFUGEE SECONDARY,E,36,1,history,2019,kk
KAKUMA REFUGEE SECONDARY,X,2,0,history,2019,kk
KAKUMA REFUGEE SECONDARY,Y,0,0,history,2019,kk
KAKUMA REFUGEE SECONDARY,U,0,0,history,2019,kk
KAKUMA REFUGEE SECONDARY,P,0,0,history,2019,kk
KAKUMA REFUGEE SECONDARY,W,0,0,history,2019,kk
GREEN LIGHT SECONDARY,A,1,12,history,2019,kk
GREEN LIGHT SECONDARY,A-,2,11,history,2019,kk
GREEN LIGHT SECONDARY,B+,1,10,history,2019,kk
GREEN LIGHT SECONDARY,B,5,9,history,2019,kk
GREEN LIGHT SECONDARY,B-,7,8,history,2019,kk
GREEN LIGHT SECONDARY,C+,6,7,history,2019,kk
GREEN LIGHT SECONDARY,C,3,6,history,2019,kk
GREEN LIGHT SECONDARY,C-,11,5,history,2019,kk
GREEN LIGHT SECONDARY,D+,6,4,history,2019,kk
GREEN LIGHT SECONDARY,D,35,3,history,2019,kk
GREEN LIGHT SECONDARY,D-,61,2,history,2019,kk
GREEN LIGHT SECONDARY,E,83,1,history,2019,kk
GREEN LIGHT SECONDARY,X,6,0,history,2019,kk
GREEN LIGHT SECONDARY,Y,0,0,history,2019,kk
GREEN LIGHT SECONDARY,U,0,0,history,2019,kk
GREEN LIGHT SECONDARY,P,0,0,history,2019,kk
GREEN LIGHT SECONDARY,W,0,0,history,2019,kk
SOMALI BANTU SECONDARY,A,1,12,history,2019,kk
SOMALI BANTU SECONDARY,A-,3,11,history,2019,kk
SOMALI BANTU SECONDARY,B+,2,10,history,2019,kk
SOMALI BANTU SECONDARY,B,4,9,history,2019,kk
SOMALI BANTU SECONDARY,B-,7,8,history,2019,kk
SOMALI BANTU SECONDARY,C+,7,7,history,2019,kk
SOMALI BANTU SECONDARY,C,7,6,history,2019,kk
SOMALI BANTU SECONDARY,C-,9,5,history,2019,kk
SOMALI BANTU SECONDARY,D+,11,4,history,2019,kk
SOMALI BANTU SECONDARY,D,54,3,history,2019,kk
SOMALI BANTU SECONDARY,D-,81,2,history,2019,kk
SOMALI BANTU SECONDARY,E,112,1,history,2019,kk
SOMALI BANTU SECONDARY,X,10,0,history,2019,kk
SOMALI BANTU SECONDARY,Y,0,0,history,2019,kk
SOMALI BANTU SECONDARY,U,0,0,history,2019,kk
SOMALI BANTU SECONDARY,P,0,0,history,2019,kk
SOMALI BANTU SECONDARY,W,0,0,history,2019,kk
KALOBEYEI SECONDARY,A,0,12,history,2019,kk
KALOBEYEI SECONDARY,A-,0,11,history,2019,kk
KALOBEYEI SECONDARY,B+,0,10,history,2019,kk
KALOBEYEI SECONDARY,B,0,9,history,2019,kk
KALOBEYEI SECONDARY,B-,0,8,history,2019,kk
KALOBEYEI SECONDARY,C+,0,7,history,2019,kk
KALOBEYEI SECONDARY,C,2,6,history,2019,kk
KALOBEYEI SECONDARY,C-,2,5,history,2019,kk
KALOBEYEI SECONDARY,D+,2,4,history,2019,kk
KALOBEYEI SECONDARY,D,6,3,history,2019,kk
KALOBEYEI SECONDARY,D-,17,2,history,2019,kk
KALOBEYEI SECONDARY,E,18,1,history,2019,kk
KALOBEYEI SECONDARY,X,0,0,history,2019,kk
KALOBEYEI SECONDARY,Y,0,0,history,2019,kk
KALOBEYEI SECONDARY,U,0,0,history,2019,kk
KALOBEYEI SECONDARY,P,0,0,history,2019,kk
KALOBEYEI SECONDARY,W,0,0,history,2019,kk
MORNEU SHEPPELL SECONDARY,A,0,12,geography,2019,kk
MORNEU SHEPPELL SECONDARY,A-,0,11,geography,2019,kk
MORNEU SHEPPELL SECONDARY,B+,1,10,geography,2019,kk
MORNEU SHEPPELL SECONDARY,B,2,9,geography,2019,kk
MORNEU SHEPPELL SECONDARY,B-,1,8,geography,2019,kk
MORNEU SHEPPELL SECONDARY,C+,1,7,geography,2019,kk
MORNEU SHEPPELL SECONDARY,C,1,6,geography,2019,kk
MORNEU SHEPPELL SECONDARY,C-,4,5,geography,2019,kk
MORNEU SHEPPELL SECONDARY,D+,2,4,geography,2019,kk
MORNEU SHEPPELL SECONDARY,D,7,3,geography,2019,kk
MORNEU SHEPPELL SECONDARY,D-,1,2,geography,2019,kk
MORNEU SHEPPELL SECONDARY,E,0,1,geography,2019,kk
MORNEU SHEPPELL SECONDARY,X,1,0,geography,2019,kk
MORNEU SHEPPELL SECONDARY,Y,0,0,geography,2019,kk
MORNEU SHEPPELL SECONDARY,U,0,0,geography,2019,kk
MORNEU SHEPPELL SECONDARY,P,0,0,geography,2019,kk
MORNEU SHEPPELL SECONDARY,W,0,0,geography,2019,kk
VISION SECONDARY,A,0,12,geography,2019,kk
VISION SECONDARY,A-,1,11,geography,2019,kk
VISION SECONDARY,B+,2,10,geography,2019,kk
VISION SECONDARY,B,1,9,geography,2019,kk
VISION SECONDARY,B-,5,8,geography,2019,kk
VISION SECONDARY,C+,5,7,geography,2019,kk
VISION SECONDARY,C,4,6,geography,2019,kk
VISION SECONDARY,C-,19,5,geography,2019,kk
VISION SECONDARY,D+,10,4,geography,2019,kk
VISION SECONDARY,D,66,3,geography,2019,kk
VISION SECONDARY,D-,56,2,geography,2019,kk
VISION SECONDARY,E,12,1,geography,2019,kk
VISION SECONDARY,X,1,0,geography,2019,kk
VISION SECONDARY,Y,0,0,geography,2019,kk
VISION SECONDARY,U,0,0,geography,2019,kk
VISION SECONDARY,P,0,0,geography,2019,kk
VISION SECONDARY,W,0,0,geography,2019,kk
KAKUMA REFUGEE SECONDARY,A,0,12,geography,2019,kk
KAKUMA REFUGEE SECONDARY,A-,1,11,geography,2019,kk
KAKUMA REFUGEE SECONDARY,B+,2,10,geography,2019,kk
KAKUMA REFUGEE SECONDARY,B,8,9,geography,2019,kk
KAKUMA REFUGEE SECONDARY,B-,4,8,geography,2019,kk
KAKUMA REFUGEE SECONDARY,C+,6,7,geography,2019,kk
KAKUMA REFUGEE SECONDARY,C,10,6,geography,2019,kk
KAKUMA REFUGEE SECONDARY,C-,9,5,geography,2019,kk
KAKUMA REFUGEE SECONDARY,D+,10,4,geography,2019,kk
KAKUMA REFUGEE SECONDARY,D,50,3,geography,2019,kk
KAKUMA REFUGEE SECONDARY,D-,70,2,geography,2019,kk
KAKUMA REFUGEE SECONDARY,E,23,1,geography,2019,kk
KAKUMA REFUGEE SECONDARY,X,0,0,geography,2019,kk
KAKUMA REFUGEE SECONDARY,Y,0,0,geography,2019,kk
KAKUMA REFUGEE SECONDARY,U,0,0,geography,2019,kk
KAKUMA REFUGEE SECONDARY,P,0,0,geography,2019,kk
KAKUMA REFUGEE SECONDARY,W,0,0,geography,2019,kk
GREEN LIGHT SECONDARY,A,0,12,geography,2019,kk
GREEN LIGHT SECONDARY,A-,0,11,geography,2019,kk
GREEN LIGHT SECONDARY,B+,0,10,geography,2019,kk
GREEN LIGHT SECONDARY,B,2,9,geography,2019,kk
GREEN LIGHT SECONDARY,B-,3,8,geography,2019,kk
GREEN LIGHT SECONDARY,C+,1,7,geography,2019,kk
GREEN LIGHT SECONDARY,C,1,6,geography,2019,kk
GREEN LIGHT SECONDARY,C-,5,5,geography,2019,kk
GREEN LIGHT SECONDARY,D+,4,4,geography,2019,kk
GREEN LIGHT SECONDARY,D,10,3,geography,2019,kk
GREEN LIGHT SECONDARY,D-,24,2,geography,2019,kk
GREEN LIGHT SECONDARY,E,30,1,geography,2019,kk
GREEN LIGHT SECONDARY,X,3,0,geography,2019,kk
GREEN LIGHT SECONDARY,Y,0,0,geography,2019,kk
GREEN LIGHT SECONDARY,U,0,0,geography,2019,kk
GREEN LIGHT SECONDARY,P,1,0,geography,2019,kk
GREEN LIGHT SECONDARY,W,0,0,geography,2019,kk
SOMALI BANTU SECONDARY,A,1,12,geography,2019,kk
SOMALI BANTU SECONDARY,A-,0,11,geography,2019,kk
SOMALI BANTU SECONDARY,B+,1,10,geography,2019,kk
SOMALI BANTU SECONDARY,B,1,9,geography,2019,kk
SOMALI BANTU SECONDARY,B-,2,8,geography,2019,kk
SOMALI BANTU SECONDARY,C+,2,7,geography,2019,kk
SOMALI BANTU SECONDARY,C,6,6,geography,2019,kk
SOMALI BANTU SECONDARY,C-,5,5,geography,2019,kk
SOMALI BANTU SECONDARY,D+,6,4,geography,2019,kk
SOMALI BANTU SECONDARY,D,23,3,geography,2019,kk
SOMALI BANTU SECONDARY,D-,35,2,geography,2019,kk
SOMALI BANTU SECONDARY,E,28,1,geography,2019,kk
SOMALI BANTU SECONDARY,X,6,0,geography,2019,kk
SOMALI BANTU SECONDARY,Y,0,0,geography,2019,kk
SOMALI BANTU SECONDARY,U,0,0,geography,2019,kk
SOMALI BANTU SECONDARY,P,0,0,geography,2019,kk
SOMALI BANTU SECONDARY,W,0,0,geography,2019,kk
KALOBEYEI SECONDARY,A,0,12,geography,2019,kk
KALOBEYEI SECONDARY,A-,0,11,geography,2019,kk
KALOBEYEI SECONDARY,B+,0,10,geography,2019,kk
KALOBEYEI SECONDARY,B,0,9,geography,2019,kk
KALOBEYEI SECONDARY,B-,0,8,geography,2019,kk
KALOBEYEI SECONDARY,C+,0,7,geography,2019,kk
KALOBEYEI SECONDARY,C,0,6,geography,2019,kk
KALOBEYEI SECONDARY,C-,0,5,geography,2019,kk
KALOBEYEI SECONDARY,D+,0,4,geography,2019,kk
KALOBEYEI SECONDARY,D,0,3,geography,2019,kk
KALOBEYEI SECONDARY,D-,2,2,geography,2019,kk
KALOBEYEI SECONDARY,E,1,1,geography,2019,kk
KALOBEYEI SECONDARY,X,0,0,geography,2019,kk
KALOBEYEI SECONDARY,Y,0,0,geography,2019,kk
KALOBEYEI SECONDARY,U,0,0,geography,2019,kk
KALOBEYEI SECONDARY,P,0,0,geography,2019,kk
KALOBEYEI SECONDARY,W,0,0,geography,2019,kk
MORNEU SHEPPELL SECONDARY,A,0,12,christian_religious,2019,kk
MORNEU SHEPPELL SECONDARY,A-,0,11,christian_religious,2019,kk
MORNEU SHEPPELL SECONDARY,B+,5,10,christian_religious,2019,kk
MORNEU SHEPPELL SECONDARY,B,8,9,christian_religious,2019,kk
MORNEU SHEPPELL SECONDARY,B-,10,8,christian_religious,2019,kk
MORNEU SHEPPELL SECONDARY,C+,8,7,christian_religious,2019,kk
MORNEU SHEPPELL SECONDARY,C,9,6,christian_religious,2019,kk
MORNEU SHEPPELL SECONDARY,C-,9,5,christian_religious,2019,kk
MORNEU SHEPPELL SECONDARY,D+,4,4,christian_religious,2019,kk
MORNEU SHEPPELL SECONDARY,D,7,3,christian_religious,2019,kk
MORNEU SHEPPELL SECONDARY,D-,4,2,christian_religious,2019,kk
MORNEU SHEPPELL SECONDARY,E,0,1,christian_religious,2019,kk
MORNEU SHEPPELL SECONDARY,X,1,0,christian_religious,2019,kk
MORNEU SHEPPELL SECONDARY,Y,0,0,christian_religious,2019,kk
MORNEU SHEPPELL SECONDARY,U,0,0,christian_religious,2019,kk
MORNEU SHEPPELL SECONDARY,P,0,0,christian_religious,2019,kk
MORNEU SHEPPELL SECONDARY,W,0,0,christian_religious,2019,kk
VISION SECONDARY,A,0,12,christian_religious,2019,kk
VISION SECONDARY,A-,0,11,christian_religious,2019,kk
VISION SECONDARY,B+,0,10,christian_religious,2019,kk
VISION SECONDARY,B,4,9,christian_religious,2019,kk
VISION SECONDARY,B-,8,8,christian_religious,2019,kk
VISION SECONDARY,C+,20,7,christian_religious,2019,kk
VISION SECONDARY,C,17,6,christian_religious,2019,kk
VISION SECONDARY,C-,31,5,christian_religious,2019,kk
VISION SECONDARY,D+,28,4,christian_religious,2019,kk
VISION SECONDARY,D,108,3,christian_religious,2019,kk
VISION SECONDARY,D-,110,2,christian_religious,2019,kk
VISION SECONDARY,E,57,1,christian_religious,2019,kk
VISION SECONDARY,X,6,0,christian_religious,2019,kk
VISION SECONDARY,Y,0,0,christian_religious,2019,kk
VISION SECONDARY,U,0,0,christian_religious,2019,kk
VISION SECONDARY,P,0,0,christian_religious,2019,kk
VISION SECONDARY,W,0,0,christian_religious,2019,kk
KAKUMA REFUGEE SECONDARY,A,0,12,christian_religious,2019,kk
KAKUMA REFUGEE SECONDARY,A-,3,11,christian_religious,2019,kk
KAKUMA REFUGEE SECONDARY,B+,2,10,christian_religious,2019,kk
KAKUMA REFUGEE SECONDARY,B,6,9,christian_religious,2019,kk
KAKUMA REFUGEE SECONDARY,B-,8,8,christian_religious,2019,kk
KAKUMA REFUGEE SECONDARY,C+,13,7,christian_religious,2019,kk
KAKUMA REFUGEE SECONDARY,C,26,6,christian_religious,2019,kk
KAKUMA REFUGEE SECONDARY,C-,16,5,christian_religious,2019,kk
KAKUMA REFUGEE SECONDARY,D+,21,4,christian_religious,2019,kk
KAKUMA REFUGEE SECONDARY,D,102,3,christian_religious,2019,kk
KAKUMA REFUGEE SECONDARY,D-,151,2,christian_religious,2019,kk
KAKUMA REFUGEE SECONDARY,E,58,1,christian_religious,2019,kk
KAKUMA REFUGEE SECONDARY,X,0,0,christian_religious,2019,kk
KAKUMA REFUGEE SECONDARY,Y,0,0,christian_religious,2019,kk
KAKUMA REFUGEE SECONDARY,U,0,0,christian_religious,2019,kk
KAKUMA REFUGEE SECONDARY,P,0,0,christian_religious,2019,kk
KAKUMA REFUGEE SECONDARY,W,0,0,christian_religious,2019,kk
GREEN LIGHT SECONDARY,A,0,12,christian_religious,2019,kk
GREEN LIGHT SECONDARY,A-,0,11,christian_religious,2019,kk
GREEN LIGHT SECONDARY,B+,1,10,christian_religious,2019,kk
GREEN LIGHT SECONDARY,B,6,9,christian_religious,2019,kk
GREEN LIGHT SECONDARY,B-,11,8,christian_religious,2019,kk
GREEN LIGHT SECONDARY,C+,12,7,christian_religious,2019,kk
GREEN LIGHT SECONDARY,C,10,6,christian_religious,2019,kk
GREEN LIGHT SECONDARY,C-,10,5,christian_religious,2019,kk
GREEN LIGHT SECONDARY,D+,7,4,christian_religious,2019,kk
GREEN LIGHT SECONDARY,D,65,3,christian_religious,2019,kk
GREEN LIGHT SECONDARY,D-,70,2,christian_religious,2019,kk
GREEN LIGHT SECONDARY,E,81,1,christian_religious,2019,kk
GREEN LIGHT SECONDARY,X,6,0,christian_religious,2019,kk
GREEN LIGHT SECONDARY,Y,0,0,christian_religious,2019,kk
GREEN LIGHT SECONDARY,U,0,0,christian_religious,2019,kk
GREEN LIGHT SECONDARY,P,1,0,christian_religious,2019,kk
GREEN LIGHT SECONDARY,W,0,0,christian_religious,2019,kk
SOMALI BANTU SECONDARY,A,0,12,christian_religious,2019,kk
SOMALI BANTU SECONDARY,A-,0,11,christian_religious,2019,kk
SOMALI BANTU SECONDARY,B+,0,10,christian_religious,2019,kk
SOMALI BANTU SECONDARY,B,6,9,christian_religious,2019,kk
SOMALI BANTU SECONDARY,B-,8,8,christian_religious,2019,kk
SOMALI BANTU SECONDARY,C+,16,7,christian_religious,2019,kk
SOMALI BANTU SECONDARY,C,18,6,christian_religious,2019,kk
SOMALI BANTU SECONDARY,C-,18,5,christian_religious,2019,kk
SOMALI BANTU SECONDARY,D+,15,4,christian_religious,2019,kk
SOMALI BANTU SECONDARY,D,96,3,christian_religious,2019,kk
SOMALI BANTU SECONDARY,D-,96,2,christian_religious,2019,kk
SOMALI BANTU SECONDARY,E,68,1,christian_religious,2019,kk
SOMALI BANTU SECONDARY,X,17,0,christian_religious,2019,kk
SOMALI BANTU SECONDARY,Y,2,0,christian_religious,2019,kk
SOMALI BANTU SECONDARY,U,0,0,christian_religious,2019,kk
SOMALI BANTU SECONDARY,P,0,0,christian_religious,2019,kk
SOMALI BANTU SECONDARY,W,0,0,christian_religious,2019,kk
KALOBEYEI SECONDARY,A,0,12,christian_religious,2019,kk
KALOBEYEI SECONDARY,A-,0,11,christian_religious,2019,kk
KALOBEYEI SECONDARY,B+,0,10,christian_religious,2019,kk
KALOBEYEI SECONDARY,B,0,9,christian_religious,2019,kk
KALOBEYEI SECONDARY,B-,0,8,christian_religious,2019,kk
KALOBEYEI SECONDARY,C+,2,7,christian_religious,2019,kk
KALOBEYEI SECONDARY,C,3,6,christian_religious,2019,kk
KALOBEYEI SECONDARY,C-,0,5,christian_religious,2019,kk
KALOBEYEI SECONDARY,D+,1,4,christian_religious,2019,kk
KALOBEYEI SECONDARY,D,21,3,christian_religious,2019,kk
KALOBEYEI SECONDARY,D-,13,2,christian_religious,2019,kk
KALOBEYEI SECONDARY,E,10,1,christian_religious,2019,kk
KALOBEYEI SECONDARY,X,0,0,christian_religious,2019,kk
KALOBEYEI SECONDARY,Y,0,0,christian_religious,2019,kk
KALOBEYEI SECONDARY,U,0,0,christian_religious,2019,kk
KALOBEYEI SECONDARY,P,0,0,christian_religious,2019,kk
KALOBEYEI SECONDARY,W,0,0,christian_religious,2019,kk
MORNEU SHEPPELL SECONDARY,A,1,12,islamic_religious,2019,kk
MORNEU SHEPPELL SECONDARY,A-,0,11,islamic_religious,2019,kk
MORNEU SHEPPELL SECONDARY,B+,2,10,islamic_religious,2019,kk
MORNEU SHEPPELL SECONDARY,B,0,9,islamic_religious,2019,kk
MORNEU SHEPPELL SECONDARY,B-,1,8,islamic_religious,2019,kk
MORNEU SHEPPELL SECONDARY,C+,1,7,islamic_religious,2019,kk
MORNEU SHEPPELL SECONDARY,C,1,6,islamic_religious,2019,kk
MORNEU SHEPPELL SECONDARY,C-,0,5,islamic_religious,2019,kk
MORNEU SHEPPELL SECONDARY,D+,0,4,islamic_religious,2019,kk
MORNEU SHEPPELL SECONDARY,D,1,3,islamic_religious,2019,kk
MORNEU SHEPPELL SECONDARY,D-,0,2,islamic_religious,2019,kk
MORNEU SHEPPELL SECONDARY,E,0,1,islamic_religious,2019,kk
MORNEU SHEPPELL SECONDARY,X,0,0,islamic_religious,2019,kk
MORNEU SHEPPELL SECONDARY,Y,0,0,islamic_religious,2019,kk
MORNEU SHEPPELL SECONDARY,U,0,0,islamic_religious,2019,kk
MORNEU SHEPPELL SECONDARY,P,0,0,islamic_religious,2019,kk
MORNEU SHEPPELL SECONDARY,W,0,0,islamic_religious,2019,kk
VISION SECONDARY,A,0,12,islamic_religious,2019,kk
VISION SECONDARY,A-,0,11,islamic_religious,2019,kk
VISION SECONDARY,B+,0,10,islamic_religious,2019,kk
VISION SECONDARY,B,1,9,islamic_religious,2019,kk
VISION SECONDARY,B-,1,8,islamic_religious,2019,kk
VISION SECONDARY,C+,0,7,islamic_religious,2019,kk
VISION SECONDARY,C,0,6,islamic_religious,2019,kk
VISION SECONDARY,C-,2,5,islamic_religious,2019,kk
VISION SECONDARY,D+,2,4,islamic_religious,2019,kk
VISION SECONDARY,D,4,3,islamic_religious,2019,kk
VISION SECONDARY,D-,4,2,islamic_religious,2019,kk
VISION SECONDARY,E,16,1,islamic_religious,2019,kk
VISION SECONDARY,X,0,0,islamic_religious,2019,kk
VISION SECONDARY,Y,0,0,islamic_religious,2019,kk
VISION SECONDARY,U,0,0,islamic_religious,2019,kk
VISION SECONDARY,P,0,0,islamic_religious,2019,kk
VISION SECONDARY,W,0,0,islamic_religious,2019,kk
KAKUMA REFUGEE SECONDARY,A,0,12,islamic_religious,2019,kk
KAKUMA REFUGEE SECONDARY,A-,0,11,islamic_religious,2019,kk
KAKUMA REFUGEE SECONDARY,B+,0,10,islamic_religious,2019,kk
KAKUMA REFUGEE SECONDARY,B,0,9,islamic_religious,2019,kk
KAKUMA REFUGEE SECONDARY,B-,0,8,islamic_religious,2019,kk
KAKUMA REFUGEE SECONDARY,C+,3,7,islamic_religious,2019,kk
KAKUMA REFUGEE SECONDARY,C,0,6,islamic_religious,2019,kk
KAKUMA REFUGEE SECONDARY,C-,1,5,islamic_religious,2019,kk
KAKUMA REFUGEE SECONDARY,D+,2,4,islamic_religious,2019,kk
KAKUMA REFUGEE SECONDARY,D,27,3,islamic_religious,2019,kk
KAKUMA REFUGEE SECONDARY,D-,32,2,islamic_religious,2019,kk
KAKUMA REFUGEE SECONDARY,E,12,1,islamic_religious,2019,kk
KAKUMA REFUGEE SECONDARY,X,0,0,islamic_religious,2019,kk
KAKUMA REFUGEE SECONDARY,Y,0,0,islamic_religious,2019,kk
KAKUMA REFUGEE SECONDARY,U,0,0,islamic_religious,2019,kk
KAKUMA REFUGEE SECONDARY,P,0,0,islamic_religious,2019,kk
KAKUMA REFUGEE SECONDARY,W,0,0,islamic_religious,2019,kk
GREEN LIGHT SECONDARY,A,0,12,islamic_religious,2019,kk
GREEN LIGHT SECONDARY,A-,0,11,islamic_religious,2019,kk
GREEN LIGHT SECONDARY,B+,0,10,islamic_religious,2019,kk
GREEN LIGHT SECONDARY,B,0,9,islamic_religious,2019,kk
GREEN LIGHT SECONDARY,B-,0,8,islamic_religious,2019,kk
GREEN LIGHT SECONDARY,C+,0,7,islamic_religious,2019,kk
GREEN LIGHT SECONDARY,C,1,6,islamic_religious,2019,kk
GREEN LIGHT SECONDARY,C-,0,5,islamic_religious,2019,kk
GREEN LIGHT SECONDARY,D+,0,4,islamic_religious,2019,kk
GREEN LIGHT SECONDARY,D,18,3,islamic_religious,2019,kk
GREEN LIGHT SECONDARY,D-,25,2,islamic_religious,2019,kk
GREEN LIGHT SECONDARY,E,42,1,islamic_religious,2019,kk
GREEN LIGHT SECONDARY,X,3,0,islamic_religious,2019,kk
GREEN LIGHT SECONDARY,Y,0,0,islamic_religious,2019,kk
GREEN LIGHT SECONDARY,U,0,0,islamic_religious,2019,kk
GREEN LIGHT SECONDARY,P,0,0,islamic_religious,2019,kk
GREEN LIGHT SECONDARY,W,0,0,islamic_religious,2019,kk
SOMALI BANTU SECONDARY,A,0,12,islamic_religious,2019,kk
SOMALI BANTU SECONDARY,A-,1,11,islamic_religious,2019,kk
SOMALI BANTU SECONDARY,B+,0,10,islamic_religious,2019,kk
SOMALI BANTU SECONDARY,B,1,9,islamic_religious,2019,kk
SOMALI BANTU SECONDARY,B-,1,8,islamic_religious,2019,kk
SOMALI BANTU SECONDARY,C+,1,7,islamic_religious,2019,kk
SOMALI BANTU SECONDARY,C,4,6,islamic_religious,2019,kk
SOMALI BANTU SECONDARY,C-,5,5,islamic_religious,2019,kk
SOMALI BANTU SECONDARY,D+,3,4,islamic_religious,2019,kk
SOMALI BANTU SECONDARY,D,30,3,islamic_religious,2019,kk
SOMALI BANTU SECONDARY,D-,38,2,islamic_religious,2019,kk
SOMALI BANTU SECONDARY,E,82,1,islamic_religious,2019,kk
SOMALI BANTU SECONDARY,X,5,0,islamic_religious,2019,kk
SOMALI BANTU SECONDARY,Y,1,0,islamic_religious,2019,kk
SOMALI BANTU SECONDARY,U,0,0,islamic_religious,2019,kk
SOMALI BANTU SECONDARY,P,0,0,islamic_religious,2019,kk
SOMALI BANTU SECONDARY,W,0,0,islamic_religious,2019,kk
KALOBEYEI SECONDARY,A,0,12,islamic_religious,2019,kk
KALOBEYEI SECONDARY,A-,0,11,islamic_religious,2019,kk
KALOBEYEI SECONDARY,B+,0,10,islamic_religious,2019,kk
KALOBEYEI SECONDARY,B,0,9,islamic_religious,2019,kk
KALOBEYEI SECONDARY,B-,0,8,islamic_religious,2019,kk
KALOBEYEI SECONDARY,C+,0,7,islamic_religious,2019,kk
KALOBEYEI SECONDARY,C,0,6,islamic_religious,2019,kk
KALOBEYEI SECONDARY,C-,0,5,islamic_religious,2019,kk
KALOBEYEI SECONDARY,D+,1,4,islamic_religious,2019,kk
KALOBEYEI SECONDARY,D,0,3,islamic_religious,2019,kk
KALOBEYEI SECONDARY,D-,3,2,islamic_religious,2019,kk
KALOBEYEI SECONDARY,E,3,1,islamic_religious,2019,kk
KALOBEYEI SECONDARY,X,0,0,islamic_religious,2019,kk
KALOBEYEI SECONDARY,Y,0,0,islamic_religious,2019,kk
KALOBEYEI SECONDARY,U,0,0,islamic_religious,2019,kk
KALOBEYEI SECONDARY,P,0,0,islamic_religious,2019,kk
KALOBEYEI SECONDARY,W,0,0,islamic_religious,2019,kk
MORNEU SHEPPELL SECONDARY,A,0,12,agriculture,2019,kk
MORNEU SHEPPELL SECONDARY,A-,0,11,agriculture,2019,kk
MORNEU SHEPPELL SECONDARY,B+,0,10,agriculture,2019,kk
MORNEU SHEPPELL SECONDARY,B,0,9,agriculture,2019,kk
MORNEU SHEPPELL SECONDARY,B-,0,8,agriculture,2019,kk
MORNEU SHEPPELL SECONDARY,C+,2,7,agriculture,2019,kk
MORNEU SHEPPELL SECONDARY,C,0,6,agriculture,2019,kk
MORNEU SHEPPELL SECONDARY,C-,1,5,agriculture,2019,kk
MORNEU SHEPPELL SECONDARY,D+,1,4,agriculture,2019,kk
MORNEU SHEPPELL SECONDARY,D,5,3,agriculture,2019,kk
MORNEU SHEPPELL SECONDARY,D-,1,2,agriculture,2019,kk
MORNEU SHEPPELL SECONDARY,E,0,1,agriculture,2019,kk
MORNEU SHEPPELL SECONDARY,X,0,0,agriculture,2019,kk
MORNEU SHEPPELL SECONDARY,Y,0,0,agriculture,2019,kk
MORNEU SHEPPELL SECONDARY,U,0,0,agriculture,2019,kk
MORNEU SHEPPELL SECONDARY,P,0,0,agriculture,2019,kk
MORNEU SHEPPELL SECONDARY,W,0,0,agriculture,2019,kk
VISION SECONDARY,A,0,12,agriculture,2019,kk
VISION SECONDARY,A-,0,11,agriculture,2019,kk
VISION SECONDARY,B+,0,10,agriculture,2019,kk
VISION SECONDARY,B,0,9,agriculture,2019,kk
VISION SECONDARY,B-,1,8,agriculture,2019,kk
VISION SECONDARY,C+,0,7,agriculture,2019,kk
VISION SECONDARY,C,1,6,agriculture,2019,kk
VISION SECONDARY,C-,1,5,agriculture,2019,kk
VISION SECONDARY,D+,3,4,agriculture,2019,kk
VISION SECONDARY,D,20,3,agriculture,2019,kk
VISION SECONDARY,D-,51,2,agriculture,2019,kk
VISION SECONDARY,E,12,1,agriculture,2019,kk
VISION SECONDARY,X,4,0,agriculture,2019,kk
VISION SECONDARY,Y,0,0,agriculture,2019,kk
VISION SECONDARY,U,0,0,agriculture,2019,kk
VISION SECONDARY,P,0,0,agriculture,2019,kk
VISION SECONDARY,W,0,0,agriculture,2019,kk
KAKUMA REFUGEE SECONDARY,A,0,12,agriculture,2019,kk
KAKUMA REFUGEE SECONDARY,A-,0,11,agriculture,2019,kk
KAKUMA REFUGEE SECONDARY,B+,0,10,agriculture,2019,kk
KAKUMA REFUGEE SECONDARY,B,0,9,agriculture,2019,kk
KAKUMA REFUGEE SECONDARY,B-,0,8,agriculture,2019,kk
KAKUMA REFUGEE SECONDARY,C+,0,7,agriculture,2019,kk
KAKUMA REFUGEE SECONDARY,C,0,6,agriculture,2019,kk
KAKUMA REFUGEE SECONDARY,C-,0,5,agriculture,2019,kk
KAKUMA REFUGEE SECONDARY,D+,0,4,agriculture,2019,kk
KAKUMA REFUGEE SECONDARY,D,8,3,agriculture,2019,kk
KAKUMA REFUGEE SECONDARY,D-,28,2,agriculture,2019,kk
KAKUMA REFUGEE SECONDARY,E,46,1,agriculture,2019,kk
KAKUMA REFUGEE SECONDARY,X,0,0,agriculture,2019,kk
KAKUMA REFUGEE SECONDARY,Y,0,0,agriculture,2019,kk
KAKUMA REFUGEE SECONDARY,U,0,0,agriculture,2019,kk
KAKUMA REFUGEE SECONDARY,P,0,0,agriculture,2019,kk
KAKUMA REFUGEE SECONDARY,W,0,0,agriculture,2019,kk
GREEN LIGHT SECONDARY,A,0,12,agriculture,2019,kk
GREEN LIGHT SECONDARY,A-,0,11,agriculture,2019,kk
GREEN LIGHT SECONDARY,B+,0,10,agriculture,2019,kk
GREEN LIGHT SECONDARY,B,0,9,agriculture,2019,kk
GREEN LIGHT SECONDARY,B-,0,8,agriculture,2019,kk
GREEN LIGHT SECONDARY,C+,0,7,agriculture,2019,kk
GREEN LIGHT SECONDARY,C,0,6,agriculture,2019,kk
GREEN LIGHT SECONDARY,C-,0,5,agriculture,2019,kk
GREEN LIGHT SECONDARY,D+,0,4,agriculture,2019,kk
GREEN LIGHT SECONDARY,D,1,3,agriculture,2019,kk
GREEN LIGHT SECONDARY,D-,7,2,agriculture,2019,kk
GREEN LIGHT SECONDARY,E,35,1,agriculture,2019,kk
GREEN LIGHT SECONDARY,X,1,0,agriculture,2019,kk
GREEN LIGHT SECONDARY,Y,1,0,agriculture,2019,kk
GREEN LIGHT SECONDARY,U,0,0,agriculture,2019,kk
GREEN LIGHT SECONDARY,P,0,0,agriculture,2019,kk
GREEN LIGHT SECONDARY,W,0,0,agriculture,2019,kk
SOMALI BANTU SECONDARY,A,0,12,agriculture,2019,kk
SOMALI BANTU SECONDARY,A-,0,11,agriculture,2019,kk
SOMALI BANTU SECONDARY,B+,0,10,agriculture,2019,kk
SOMALI BANTU SECONDARY,B,1,9,agriculture,2019,kk
SOMALI BANTU SECONDARY,B-,0,8,agriculture,2019,kk
SOMALI BANTU SECONDARY,C+,1,7,agriculture,2019,kk
SOMALI BANTU SECONDARY,C,2,6,agriculture,2019,kk
SOMALI BANTU SECONDARY,C-,0,5,agriculture,2019,kk
SOMALI BANTU SECONDARY,D+,0,4,agriculture,2019,kk
SOMALI BANTU SECONDARY,D,10,3,agriculture,2019,kk
SOMALI BANTU SECONDARY,D-,18,2,agriculture,2019,kk
SOMALI BANTU SECONDARY,E,21,1,agriculture,2019,kk
SOMALI BANTU SECONDARY,X,0,0,agriculture,2019,kk
SOMALI BANTU SECONDARY,Y,0,0,agriculture,2019,kk
SOMALI BANTU SECONDARY,U,0,0,agriculture,2019,kk
SOMALI BANTU SECONDARY,P,0,0,agriculture,2019,kk
SOMALI BANTU SECONDARY,W,0,0,agriculture,2019,kk
KALOBEYEI SECONDARY,A,0,12,agriculture,2019,kk
KALOBEYEI SECONDARY,A-,0,11,agriculture,2019,kk
KALOBEYEI SECONDARY,B+,0,10,agriculture,2019,kk
KALOBEYEI SECONDARY,B,0,9,agriculture,2019,kk
KALOBEYEI SECONDARY,B-,0,8,agriculture,2019,kk
KALOBEYEI SECONDARY,C+,0,7,agriculture,2019,kk
KALOBEYEI SECONDARY,C,0,6,agriculture,2019,kk
KALOBEYEI SECONDARY,C-,0,5,agriculture,2019,kk
KALOBEYEI SECONDARY,D+,0,4,agriculture,2019,kk
KALOBEYEI SECONDARY,D,0,3,agriculture,2019,kk
KALOBEYEI SECONDARY,D-,3,2,agriculture,2019,kk
KALOBEYEI SECONDARY,E,2,1,agriculture,2019,kk
KALOBEYEI SECONDARY,X,0,0,agriculture,2019,kk
KALOBEYEI SECONDARY,Y,0,0,agriculture,2019,kk
KALOBEYEI SECONDARY,U,0,0,agriculture,2019,kk
KALOBEYEI SECONDARY,P,0,0,agriculture,2019,kk
KALOBEYEI SECONDARY,W,0,0,agriculture,2019,kk
MORNEU SHEPPELL SECONDARY,A,0,12,business_studies,2019,kk
MORNEU SHEPPELL SECONDARY,A-,0,11,business_studies,2019,kk
MORNEU SHEPPELL SECONDARY,B+,1,10,business_studies,2019,kk
MORNEU SHEPPELL SECONDARY,B,2,9,business_studies,2019,kk
MORNEU SHEPPELL SECONDARY,B-,5,8,business_studies,2019,kk
MORNEU SHEPPELL SECONDARY,C+,5,7,business_studies,2019,kk
MORNEU SHEPPELL SECONDARY,C,3,6,business_studies,2019,kk
MORNEU SHEPPELL SECONDARY,C-,2,5,business_studies,2019,kk
MORNEU SHEPPELL SECONDARY,D+,3,4,business_studies,2019,kk
MORNEU SHEPPELL SECONDARY,D,10,3,business_studies,2019,kk
MORNEU SHEPPELL SECONDARY,D-,8,2,business_studies,2019,kk
MORNEU SHEPPELL SECONDARY,E,5,1,business_studies,2019,kk
MORNEU SHEPPELL SECONDARY,X,0,0,business_studies,2019,kk
MORNEU SHEPPELL SECONDARY,Y,0,0,business_studies,2019,kk
MORNEU SHEPPELL SECONDARY,U,0,0,business_studies,2019,kk
MORNEU SHEPPELL SECONDARY,P,0,0,business_studies,2019,kk
MORNEU SHEPPELL SECONDARY,W,0,0,business_studies,2019,kk
VISION SECONDARY,A,0,12,business_studies,2019,kk
VISION SECONDARY,A-,2,11,business_studies,2019,kk
VISION SECONDARY,B+,0,10,business_studies,2019,kk
VISION SECONDARY,B,1,9,business_studies,2019,kk
VISION SECONDARY,B-,0,8,business_studies,2019,kk
VISION SECONDARY,C+,0,7,business_studies,2019,kk
VISION SECONDARY,C,4,6,business_studies,2019,kk
VISION SECONDARY,C-,2,5,business_studies,2019,kk
VISION SECONDARY,D+,0,4,business_studies,2019,kk
VISION SECONDARY,D,15,3,business_studies,2019,kk
VISION SECONDARY,D-,27,2,business_studies,2019,kk
VISION SECONDARY,E,11,1,business_studies,2019,kk
VISION SECONDARY,X,1,0,business_studies,2019,kk
VISION SECONDARY,Y,0,0,business_studies,2019,kk
VISION SECONDARY,U,0,0,business_studies,2019,kk
VISION SECONDARY,P,0,0,business_studies,2019,kk
VISION SECONDARY,W,0,0,business_studies,2019,kk
KAKUMA REFUGEE SECONDARY,A,0,12,business_studies,2019,kk
KAKUMA REFUGEE SECONDARY,A-,0,11,business_studies,2019,kk
KAKUMA REFUGEE SECONDARY,B+,0,10,business_studies,2019,kk
KAKUMA REFUGEE SECONDARY,B,4,9,business_studies,2019,kk
KAKUMA REFUGEE SECONDARY,B-,0,8,business_studies,2019,kk
KAKUMA REFUGEE SECONDARY,C+,3,7,business_studies,2019,kk
KAKUMA REFUGEE SECONDARY,C,1,6,business_studies,2019,kk
KAKUMA REFUGEE SECONDARY,C-,6,5,business_studies,2019,kk
KAKUMA REFUGEE SECONDARY,D+,5,4,business_studies,2019,kk
KAKUMA REFUGEE SECONDARY,D,53,3,business_studies,2019,kk
KAKUMA REFUGEE SECONDARY,D-,90,2,business_studies,2019,kk
KAKUMA REFUGEE SECONDARY,E,24,1,business_studies,2019,kk
KAKUMA REFUGEE SECONDARY,X,0,0,business_studies,2019,kk
KAKUMA REFUGEE SECONDARY,Y,0,0,business_studies,2019,kk
KAKUMA REFUGEE SECONDARY,U,0,0,business_studies,2019,kk
KAKUMA REFUGEE SECONDARY,P,0,0,business_studies,2019,kk
KAKUMA REFUGEE SECONDARY,W,0,0,business_studies,2019,kk
GREEN LIGHT SECONDARY,A,0,12,business_studies,2019,kk
GREEN LIGHT SECONDARY,A-,0,11,business_studies,2019,kk
GREEN LIGHT SECONDARY,B+,0,10,business_studies,2019,kk
GREEN LIGHT SECONDARY,B,0,9,business_studies,2019,kk
GREEN LIGHT SECONDARY,B-,1,8,business_studies,2019,kk
GREEN LIGHT SECONDARY,C+,3,7,business_studies,2019,kk
GREEN LIGHT SECONDARY,C,0,6,business_studies,2019,kk
GREEN LIGHT SECONDARY,C-,4,5,business_studies,2019,kk
GREEN LIGHT SECONDARY,D+,3,4,business_studies,2019,kk
GREEN LIGHT SECONDARY,D,18,3,business_studies,2019,kk
GREEN LIGHT SECONDARY,D-,36,2,business_studies,2019,kk
GREEN LIGHT SECONDARY,E,90,1,business_studies,2019,kk
GREEN LIGHT SECONDARY,X,6,0,business_studies,2019,kk
GREEN LIGHT SECONDARY,Y,0,0,business_studies,2019,kk
GREEN LIGHT SECONDARY,U,0,0,business_studies,2019,kk
GREEN LIGHT SECONDARY,P,0,0,business_studies,2019,kk
GREEN LIGHT SECONDARY,W,0,0,business_studies,2019,kk
SOMALI BANTU SECONDARY,A,0,12,business_studies,2019,kk
SOMALI BANTU SECONDARY,A-,0,11,business_studies,2019,kk
SOMALI BANTU SECONDARY,B+,2,10,business_studies,2019,kk
SOMALI BANTU SECONDARY,B,3,9,business_studies,2019,kk
SOMALI BANTU SECONDARY,B-,2,8,business_studies,2019,kk
SOMALI BANTU SECONDARY,C+,2,7,business_studies,2019,kk
SOMALI BANTU SECONDARY,C,5,6,business_studies,2019,kk
SOMALI BANTU SECONDARY,C-,4,5,business_studies,2019,kk
SOMALI BANTU SECONDARY,D+,9,4,business_studies,2019,kk
SOMALI BANTU SECONDARY,D,22,3,business_studies,2019,kk
SOMALI BANTU SECONDARY,D-,37,2,business_studies,2019,kk
SOMALI BANTU SECONDARY,E,66,1,business_studies,2019,kk
SOMALI BANTU SECONDARY,X,10,0,business_studies,2019,kk
SOMALI BANTU SECONDARY,Y,0,0,business_studies,2019,kk
SOMALI BANTU SECONDARY,U,0,0,business_studies,2019,kk
SOMALI BANTU SECONDARY,P,0,0,business_studies,2019,kk
SOMALI BANTU SECONDARY,W,0,0,business_studies,2019,kk
KALOBEYEI SECONDARY,A,0,12,business_studies,2019,kk
KALOBEYEI SECONDARY,A-,0,11,business_studies,2019,kk
KALOBEYEI SECONDARY,B+,0,10,business_studies,2019,kk
KALOBEYEI SECONDARY,B,0,9,business_studies,2019,kk
KALOBEYEI SECONDARY,B-,0,8,business_studies,2019,kk
KALOBEYEI SECONDARY,C+,0,7,business_studies,2019,kk
KALOBEYEI SECONDARY,C,0,6,business_studies,2019,kk
KALOBEYEI SECONDARY,C-,0,5,business_studies,2019,kk
KALOBEYEI SECONDARY,D+,0,4,business_studies,2019,kk
KALOBEYEI SECONDARY,D,2,3,business_studies,2019,kk
KALOBEYEI SECONDARY,D-,2,2,business_studies,2019,kk
KALOBEYEI SECONDARY,E,1,1,business_studies,2019,kk
KALOBEYEI SECONDARY,X,0,0,business_studies,2019,kk
KALOBEYEI SECONDARY,Y,0,0,business_studies,2019,kk
KALOBEYEI SECONDARY,U,0,0,business_studies,2019,kk
KALOBEYEI SECONDARY,P,0,0,business_studies,2019,kk
KALOBEYEI SECONDARY,W,0,0,business_studies,2019,kk
GREEN LIGHT SECONDARY,A,0,12,arabic,2019,kk
GREEN LIGHT SECONDARY,A-,2,11,arabic,2019,kk
GREEN LIGHT SECONDARY,B+,3,10,arabic,2019,kk
GREEN LIGHT SECONDARY,B,1,9,arabic,2019,kk
GREEN LIGHT SECONDARY,B-,0,8,arabic,2019,kk
GREEN LIGHT SECONDARY,C+,2,7,arabic,2019,kk
GREEN LIGHT SECONDARY,C,4,6,arabic,2019,kk
GREEN LIGHT SECONDARY,C-,3,5,arabic,2019,kk
GREEN LIGHT SECONDARY,D+,1,4,arabic,2019,kk
GREEN LIGHT SECONDARY,D,16,3,arabic,2019,kk
GREEN LIGHT SECONDARY,D-,8,2,arabic,2019,kk
GREEN LIGHT SECONDARY,E,3,1,arabic,2019,kk
GREEN LIGHT SECONDARY,X,1,0,arabic,2019,kk
GREEN LIGHT SECONDARY,Y,0,0,arabic,2019,kk
GREEN LIGHT SECONDARY,U,0,0,arabic,2019,kk
GREEN LIGHT SECONDARY,P,0,0,arabic,2019,kk
GREEN LIGHT SECONDARY,W,0,0,arabic,2019,kk
SOMALI BANTU SECONDARY,A,2,12,arabic,2019,kk
SOMALI BANTU SECONDARY,A-,0,11,arabic,2019,kk
SOMALI BANTU SECONDARY,B+,2,10,arabic,2019,kk
SOMALI BANTU SECONDARY,B,2,9,arabic,2019,kk
SOMALI BANTU SECONDARY,B-,5,8,arabic,2019,kk
SOMALI BANTU SECONDARY,C+,6,7,arabic,2019,kk
SOMALI BANTU SECONDARY,C,2,6,arabic,2019,kk
SOMALI BANTU SECONDARY,C-,2,5,arabic,2019,kk
SOMALI BANTU SECONDARY,D+,4,4,arabic,2019,kk
SOMALI BANTU SECONDARY,D,22,3,arabic,2019,kk
SOMALI BANTU SECONDARY,D-,20,2,arabic,2019,kk
SOMALI BANTU SECONDARY,E,11,1,arabic,2019,kk
SOMALI BANTU SECONDARY,X,3,0,arabic,2019,kk
SOMALI BANTU SECONDARY,Y,0,0,arabic,2019,kk
SOMALI BANTU SECONDARY,U,0,0,arabic,2019,kk
SOMALI BANTU SECONDARY,P,0,0,arabic,2019,kk
SOMALI BANTU SECONDARY,W,0,0,arabic,2019,kk
KAKUMA REFUGEE SECONDARY,A,0,12,arabic,2019,kk
KAKUMA REFUGEE SECONDARY,A-,0,11,arabic,2019,kk
KAKUMA REFUGEE SECONDARY,B+,0,10,arabic,2019,kk
KAKUMA REFUGEE SECONDARY,B,1,9,arabic,2019,kk
KAKUMA REFUGEE SECONDARY,B-,3,8,arabic,2019,kk
KAKUMA REFUGEE SECONDARY,C+,4,7,arabic,2019,kk
KAKUMA REFUGEE SECONDARY,C,0,6,arabic,2019,kk
KAKUMA REFUGEE SECONDARY,C-,2,5,arabic,2019,kk
KAKUMA REFUGEE SECONDARY,D+,1,4,arabic,2019,kk
KAKUMA REFUGEE SECONDARY,D,7,3,arabic,2019,kk
KAKUMA REFUGEE SECONDARY,D-,7,2,arabic,2019,kk
KAKUMA REFUGEE SECONDARY,E,1,1,arabic,2019,kk
KAKUMA REFUGEE SECONDARY,X,0,0,arabic,2019,kk
KAKUMA REFUGEE SECONDARY,Y,0,0,arabic,2019,kk
KAKUMA REFUGEE SECONDARY,U,0,0,arabic,2019,kk
KAKUMA REFUGEE SECONDARY,P,0,0,arabic,2019,kk
KAKUMA REFUGEE SECONDARY,W,0,0,arabic,2019,kk
